{"count":1,"gauges":{},"self":34.4845152,"total":36.3137776,"children":{"AgentSendState":{"count":1634,"self":0.0204162,"total":0.0358526,"children":{"CollectObservations":{"count":327,"self":0.0154364,"total":0.0154364,"children":null}}},"DecideAction":{"count":1634,"self":1.7883672,"total":1.7883670999999999,"children":null},"AgentAct":{"count":1634,"self":0.0035556,"total":0.0035556,"children":null}}}