{"count":1,"gauges":{},"self":42.5867328,"total":65.5262929,"children":{"AgentSendState":{"count":3234,"self":0.0814216,"total":0.12203169999999999,"children":{"CollectObservations":{"count":647,"self":0.040610099999999996,"total":0.040610099999999996,"children":null}}},"DecideAction":{"count":3234,"self":22.769551999999997,"total":22.7695528,"children":null},"AgentAct":{"count":3234,"self":0.0465133,"total":0.0465133,"children":null}}}