{"count":1,"gauges":{"CarLearning.CumulativeReward":{"count":1,"max":39.38476,"min":39.38476,"value":39.38476,"weightedAverage":39.38476}},"self":31.592406399999998,"total":33.5659263,"children":{"AgentSendState":{"count":1651,"self":0.0357028,"total":0.0592324,"children":{"CollectObservations":{"count":330,"self":0.023529599999999998,"total":0.023529599999999998,"children":null}}},"DecideAction":{"count":1651,"self":1.8972141999999999,"total":1.8972141999999999,"children":null},"AgentAct":{"count":1651,"self":0.016083899999999998,"total":0.016083899999999998,"children":null}}}